version,build,date,bullet_text,BUFF,NERF,BUG_FIX,NEW_CONTENT,QOL,GAMEPLAY,OTHER,label_count,IS_HEADER,LABEL_V5,LABEL_V6
2.5.3,70356,"January 28, 2026",This affix will be re-enabled with the release of this patch.,0,0,0,0,0,0,1,0,False,OTHER,OTHER
2.5.3,70356,"January 28, 2026","Various performance, stability, and audio improvements.",1,0,0,0,0,0,0,1,False,OTHER,OTHER
2.5.2,70156,"January 12, 2026",Tower now unlocks Tiers the same way the Pit does.,0,0,0,0,0,0,1,0,False,OTHER,OTHER
2.5.2,70156,"January 12, 2026",Monster populations have been tuned to be fair to both ranged and melee builds.,0,0,0,0,1,0,0,1,False,OTHER,OTHER
2.5.2,70156,"January 12, 2026",Bosses have been adjusted to remove unwanted behavior such as self healing and invisibility.,0,0,0,0,0,1,0,1,False,OTHER,OTHER
2.5.2,70156,"January 12, 2026",Tuned the pylons to be more balanced to avoid unfair rolls of pylon spawn order.,0,0,0,0,0,1,0,1,False,OTHER,OTHER
2.5.2,70156,"January 12, 2026",Damage from 4[x] to 3[x].,0,0,0,0,0,0,1,0,False,OTHER,OTHER
2.5.2,70156,"January 12, 2026",Player gains a chunk of Temporary Attack Speed (+50% Attack Speed).,1,0,0,0,0,0,0,1,False,OTHER,OTHER
2.5.2,70156,"January 12, 2026",Player can Knockdown enemies they pass through.,0,0,0,0,0,0,1,0,False,OTHER,OTHER
2.5.2,70156,"January 12, 2026","Pylon of Channeling, Shrine of Channeling",0,0,0,0,0,0,1,0,False,OTHER,OTHER
2.5.2,70156,"January 12, 2026",Resource gain per second to support builds that drain resource which don't benefit from Cost Reduction.,1,0,0,0,1,0,0,2,False,OTHER,OTHER
2.5.2,70156,"January 12, 2026","If the orb drops close enough to the player, orbs will appear closer to you to avoid backtracking. If you are too far, orbs will drop at the corpse of the enemy that dropped it.",0,0,0,0,0,0,1,0,False,OTHER,OTHER
2.5.2,70156,"January 12, 2026",Dying will never respawn players on the previous floor.,0,0,0,0,0,1,0,1,False,OTHER,OTHER
2.5.2,70156,"January 12, 2026",Exit portals now spawn closer to the player at the end of a run.,0,0,0,0,0,1,0,1,False,OTHER,OTHER
2.5.2,70156,"January 12, 2026",Locked Capstone Dungeons will now show on the map and display a tooltip which describes requirements to unlock.,0,0,0,0,1,0,0,1,False,OTHER,OTHER
2.5.2,70156,"January 12, 2026",Various updates to The Tower.,0,0,0,0,0,0,1,0,False,OTHER,OTHER
2.5.2,70156,"January 12, 2026",This part of the power will be re-enabled with the release of this patch.,0,0,0,0,0,0,1,0,False,OTHER,OTHER
2.5.2,70156,"January 12, 2026","When attempting to sanctify items that cannot be sanctified, you’ll now be better informed why it can’t be sanctified.",0,0,0,0,0,0,1,0,False,OTHER,OTHER
2.5.2,70156,"January 12, 2026",Lucky Hit to Gain Resource,1,0,0,0,0,0,0,1,False,OTHER,OTHER
2.5.2,70156,"January 12, 2026",User Interface and User Experience,0,0,0,0,0,0,1,0,False,OTHER,OTHER
2.5.2,70156,"January 12, 2026","Various stability, performance, UI, and visual improvements.",1,0,0,0,1,0,0,2,False,OTHER,OTHER
2.5.1,69864,"December 18, 2025",Updated descriptions and tooltips for Heavenly Sigils so the requirements for sanctifying an item are clearer.,0,0,0,0,1,0,0,1,False,OTHER,OTHER
2.5.1,69864,"December 18, 2025",Various UI consistency and clarity improvements for Sanctification and Season Rank.,1,0,0,0,1,0,0,2,False,OTHER,OTHER
2.5.1,69864,"December 18, 2025",An audio cue has been added to further bring attention to the safe zones in the Vault of the Crucible Capstone Dungeon.,0,0,0,1,0,0,0,1,False,OTHER,OTHER
2.5.1,69864,"December 18, 2025",could have progression blocked if the associated monsters were slain by nearby NPCs.,0,0,0,0,0,0,1,0,False,OTHER,OTHER
2.5.1,69864,"December 18, 2025",quest would shift the quest pin location incorrectly.,0,0,0,0,0,0,1,0,False,OTHER,OTHER
2.5.1,69864,"December 18, 2025","Various fixes and improvements to consistency, accuracy, and clarity for tooltips, descriptions, and icons for the Paladin.",1,0,0,0,1,0,0,2,False,OTHER,OTHER
2.5.1,69864,"December 18, 2025",These effects has been disabled entirely.,0,0,0,0,0,0,1,0,False,OTHER,OTHER
2.5.1,69864,"December 18, 2025","Various stability, UI, visual, performance, and audio improvements.",1,0,0,0,1,0,0,2,False,OTHER,OTHER
2.5.0,69713,"December 11, 2025",Upgrading an affix to a Greater Affix can now also occur on non-ancestral items.,0,0,0,0,1,0,0,1,False,OTHER,OTHER
2.5.0,69713,"December 11, 2025","To sanctify an item, it only needs to have an item power of 750 or higher in Torment difficulties, rather than being Ancestral.",0,0,0,0,0,0,1,0,False,OTHER,OTHER
2.5.0,69713,"December 11, 2025","Glyph Upgrades now get a scaling chance to grant an extra upgrade attempt based on Divine Gift rank. Rank 1 grants a 25% chance, up to a 100% upgrade chance at Rank 5.",1,0,0,0,0,1,0,2,False,OTHER,OTHER
2.5.0,69713,"December 11, 2025",Andariel's phase transition is now much quicker.,0,0,0,0,1,0,0,1,False,OTHER,OTHER
2.5.0,69713,"December 11, 2025",Belial's death now takes less time to finish.,0,1,0,0,0,0,0,1,False,OTHER,OTHER
2.5.0,69713,"December 11, 2025",Azmodan has been granted resilience to bring him more in line with other World Bosses.,0,0,0,0,0,0,1,0,False,OTHER,OTHER
2.5.0,69713,"December 11, 2025",Lesser Evil events in the Overworld now reward unique items from Lair Boss reward pools.,0,1,0,0,0,0,0,1,False,OTHER,OTHER
2.5.0,69713,"December 11, 2025","Ahavarion, Spear of Lycander",0,0,0,0,0,0,1,0,False,OTHER,OTHER
2.5.0,69713,"December 11, 2025",Reverted Fury cap from PTR.,0,0,0,0,0,0,1,0,False,OTHER,OTHER
2.5.0,69713,"December 11, 2025",Adjusted attack speed scaling.,0,0,0,0,0,1,0,1,False,OTHER,OTHER
2.5.0,69713,"December 11, 2025",Enhanced Hammer of the Ancients,1,0,0,0,0,0,0,1,False,OTHER,OTHER
2.5.0,69713,"December 11, 2025","Previous: While above 55-40 Fury, you are Berserk, but 2 Fury Drains per second.",0,0,0,0,0,0,1,0,False,OTHER,OTHER
2.5.0,69713,"December 11, 2025",The shorter cooldown for the last Brawling skill used before re-enabling all of them now scales based on attack speed.,0,0,0,0,0,0,1,0,False,OTHER,OTHER
2.5.0,69713,"December 11, 2025",Resource Generations with Two-Handed Bludgeoning Weapons,0,0,0,0,0,0,1,0,False,OTHER,OTHER
2.5.0,69713,"December 11, 2025",Resource Generations with Dual Wielded Weapons,0,0,0,0,0,0,1,0,False,OTHER,OTHER
2.5.0,69713,"December 11, 2025",Resource Generations with Two-Handed Slashing Weapons,0,0,0,0,0,0,1,0,False,OTHER,OTHER
2.5.0,69713,"December 11, 2025",Aspect of the Rampaging Werebeast,0,0,0,0,0,0,1,0,False,OTHER,OTHER
2.5.0,69713,"December 11, 2025","Now: Critical Strikes while in Grizzly Rage increases your damage by 3%[x] for 60 seconds, up to 120%[x].",1,0,0,0,0,0,0,1,False,OTHER,OTHER
2.5.0,69713,"December 11, 2025",Changed to Aspect of the Rabid Beast.,0,0,0,0,0,0,1,0,False,OTHER,OTHER
2.5.0,69713,"December 11, 2025","Previous: While Grizzly Rage is active, your direct damage is converted into Poison damage, you deal x[40 - 80]% more Poison damage, and you passively spread Rabies.",0,0,0,0,0,0,1,0,False,OTHER,OTHER
2.5.0,69713,"December 11, 2025","Now: Deal 40-80%[x] more Poison Damage. While Shapeshifted, your direct damage is converted into Poison damage.",1,0,0,0,0,0,0,1,False,OTHER,OTHER
2.5.0,69713,"December 11, 2025","Previous (PTR): Damaging [200 - 100] Enemies with Storm Skills grants a charge. Casting any Defensive Skill will grant Max Movement Speed and Unhindered for 1 second for each charge used. While Charged, enemies you run into are Immobilized for 1 second.",1,0,0,0,0,0,0,1,False,OTHER,OTHER
2.5.0,69713,"December 11, 2025",Now: Damaging 150-100 Enemies with Nature Magic Skills grants Max Movement Speed and Unhindered for 4-8 seconds. Enemies you run through are Immobilized for 1 second.,1,0,0,0,0,0,0,1,False,OTHER,OTHER
2.5.0,69713,"December 11, 2025",Reverted Essence cap from PTR.,0,0,0,0,0,0,1,0,False,OTHER,OTHER
2.5.0,69713,"December 11, 2025","Sanguivor, Blade of Zir",0,0,0,0,1,0,0,1,False,OTHER,OTHER
2.5.0,69713,"December 11, 2025","Consuming a Corpse now contributes 3 souls to Vampiric Curse, up from 1.",1,0,0,0,0,0,0,1,False,OTHER,OTHER
2.5.0,69713,"December 11, 2025","Bone Golem's combo attack of two swings now counts as a single attack for the purposes of Ring of Mendeln, rather than two separate attacks.",0,0,0,0,0,0,1,0,False,OTHER,OTHER
2.5.0,69713,"December 11, 2025",Resource Generation with Two-Handed Weapons.,0,0,0,0,0,0,1,0,False,OTHER,OTHER
2.5.0,69713,"December 11, 2025",Resource Generation while Wielding a Shield.,0,0,0,0,0,0,1,0,False,OTHER,OTHER
2.5.0,69713,"December 11, 2025",Reverted Energy cap from PTR.,0,0,0,0,0,0,1,0,False,OTHER,OTHER
2.5.0,69713,"December 11, 2025","We heard the feedback from PTR loud and clear, and decided to revisit the suite of Teleport changes for the start of the season. We decided to keep the overall changes to Teleport Enchantment, but we wanted to give more of the cooldown reduction power lost there and put it back into itemization. You should have a clearer choice to invest using item slots or tempering to get a fully reset cooldown Teleport, while also maintaining a middle-ground level of investment that gives you a low cooldown option.",0,0,0,0,1,0,0,1,False,OTHER,OTHER
2.5.0,69713,"December 11, 2025",Adjusted the description to specify that it invokes Teleport and doesn't Cast it.,0,0,0,0,0,0,1,0,False,OTHER,OTHER
2.5.0,69713,"December 11, 2025",Previous (PTR): Teleport Dazes enemies at its end point for 1.5 seconds.,0,0,0,0,0,0,1,0,False,OTHER,OTHER
2.5.0,69713,"December 11, 2025",Now: You gain 25%[+] All Resistance for 3 seconds after Teleporting.,1,0,0,0,0,0,0,1,False,OTHER,OTHER
2.5.0,69713,"December 11, 2025",Previous: Casting a Skill grants 3%[+] All Resistance and 2%[+] Maximum Resistance to that Skill's Element for 9 seconds.,1,0,0,0,0,0,0,1,False,OTHER,OTHER
2.5.0,69713,"December 11, 2025",Now: Casting a Skill grants 3%[+] All Resistance and 5%[+] Resistance to that Skill's Element for 9 seconds.,1,0,0,0,0,0,0,1,False,OTHER,OTHER
2.5.0,69713,"December 11, 2025",Reverted Mana cap from Season of Infernal Chaos.,0,0,0,0,0,0,1,0,False,OTHER,OTHER
2.5.0,69713,"December 11, 2025",Aspect of the Bounding Conduit,0,0,0,0,1,0,0,1,False,OTHER,OTHER
2.5.0,69713,"December 11, 2025",Previous: When you Freeze an enemy there is a [25-45%] chance they become Vulnerable for 3 seconds.,0,0,0,0,0,0,1,0,False,OTHER,OTHER
2.5.0,69713,"December 11, 2025","Previous (PTR): Casting Teleport grants a stack of Galvanization, increasing its damage by 30-50% for 8 seconds. Becoming Injured Teleports you to a random location.",1,0,0,0,0,0,0,1,False,OTHER,OTHER
2.5.0,69713,"December 11, 2025",Now: Each enemy hit by Teleport increases the damage by 5-15%|x| and reduces the Cooldown by 0.5 seconds of the next cast. Becoming Injured will Teleport you to a random location.,1,1,0,0,0,0,0,2,False,OTHER,OTHER
2.5.0,69713,"December 11, 2025","Previous (PTR): After Casting Teleport, Close enemies are Pulled Inwards and it has a 10-30% chance to reset from each enemy it kills.",0,0,0,0,0,0,1,0,False,OTHER,OTHER
2.5.0,69713,"December 11, 2025",Now: Teleport pulls Close enemies to you and grants 10-30% Damage Reduction.,1,0,0,0,0,0,0,1,False,OTHER,OTHER
2.5.0,69713,"December 11, 2025",Reverted Vigor cap from PTR.,0,0,0,0,0,0,1,0,False,OTHER,OTHER
2.5.0,69713,"December 11, 2025",Now reduces the time to recharge charges by 5 seconds.,0,1,0,0,0,0,0,1,False,OTHER,OTHER
2.5.0,69713,"December 11, 2025",Previous: Gain Life On Kill equal to 5% of your Maximum Life while you have at least 4 stacks of Ferocity.,1,0,0,0,0,0,0,1,False,OTHER,OTHER
2.5.0,69713,"December 11, 2025",Now: Gain 1-181 (depending on level) Life On Hit while you have at least 4 stacks of Ferocity.,1,0,0,0,0,0,0,1,False,OTHER,OTHER
2.5.0,69713,"December 11, 2025",Previous (PTR): Gain 2/4/6% Jaguar Attack Speed and Cooldown Reduction.,1,0,0,0,0,0,0,1,False,OTHER,OTHER
2.5.0,69713,"December 11, 2025",Reverted Vigor cap from PTR.,0,0,0,0,0,0,1,0,False,OTHER,OTHER
2.5.0,69713,"December 11, 2025",Dodge chance changed to Dexterity.,0,0,0,0,0,0,1,0,False,OTHER,OTHER
2.5.0,69713,"December 11, 2025","Maximum quality is now 25, up from 20.",1,0,0,0,0,0,0,1,False,OTHER,OTHER
2.5.0,69713,"December 11, 2025","Quality increase per Masterwork is now 2-5, up from 1-3.",1,0,0,0,0,0,0,1,False,OTHER,OTHER
2.5.0,69713,"December 11, 2025",Quality upgrades now increase all affix values by 1% per quality value.,1,0,0,0,0,0,0,1,False,OTHER,OTHER
2.5.0,69713,"December 11, 2025","Fully Masterworking an item now gives a 50% upgrade to a random affix, which can be a Tempering Affix.",0,0,0,0,0,0,1,0,False,OTHER,OTHER
2.5.0,69713,"December 11, 2025",The boosted affix will be colored differently to highlight it.,1,0,0,0,0,0,0,1,False,OTHER,OTHER
2.5.0,69713,"December 11, 2025","Masterworking cost has been adjusted, and scales exponentially with Item Quality.",0,0,0,0,0,0,1,0,False,OTHER,OTHER
2.5.0,69713,"December 11, 2025",Item Quality 0: 10 Obducite,0,0,0,0,0,0,1,0,False,OTHER,OTHER
2.5.0,69713,"December 11, 2025",Item Quality 5: 25 Obducite,0,0,0,0,0,0,1,0,False,OTHER,OTHER
2.5.0,69713,"December 11, 2025",Item Quality 15: 66 Obducite,0,0,0,0,0,0,1,0,False,OTHER,OTHER
2.5.0,69713,"December 11, 2025",Item Quality 25: 100 Obducite,0,0,0,0,0,0,1,0,False,OTHER,OTHER
2.5.0,69713,"December 11, 2025",There is now a chance a tempered affix gets applied as a Greater Affix.,0,0,0,0,0,0,1,0,False,OTHER,OTHER
2.5.0,69713,"December 11, 2025",Resource gain Tempering affixes have been added for Helms and Rings.,1,0,0,1,0,0,0,2,False,OTHER,OTHER
2.5.0,69713,"December 11, 2025",Resource per second Tempering affix added for Pants.,0,0,0,1,0,0,0,1,False,OTHER,OTHER
2.5.0,69713,"December 11, 2025","Adjusted Tempering Recipes to remove affixes from Class-specific Manuals that were extraneous due to existing in Generic Manuals, or unused.",0,0,0,0,0,0,1,0,False,OTHER,OTHER
2.5.0,69713,"December 11, 2025",Some class wide affixes have been adjusted,0,0,0,0,0,0,1,0,False,OTHER,OTHER
2.5.0,69713,"December 11, 2025",Movement Speed changed from 16-25% to 15-25%.,0,0,0,0,0,0,1,0,False,OTHER,OTHER
2.5.0,69713,"December 11, 2025",Toughness is now displayed in the Character Stats window.,0,0,0,0,0,0,1,0,False,OTHER,OTHER
2.5.0,69713,"December 11, 2025",The Toughness tooltip now breaks down Damage Resistance per damage type.,0,0,0,0,1,0,0,1,False,OTHER,OTHER
2.5.0,69713,"December 11, 2025",Torment difficulties now display a recommended Toughness amount when selecting difficulty.,0,0,0,0,0,1,0,1,False,OTHER,OTHER
2.5.0,69713,"December 11, 2025",Fortify and Barrier Generation are now a part of the general defensive pool of affixes that can appear on items.,0,0,0,0,0,0,1,0,False,OTHER,OTHER
2.5.0,69713,"December 11, 2025",Monster power has been tuned down slightly in early Torment tiers.,0,0,0,0,0,0,1,0,False,OTHER,OTHER
2.5.0,69713,"December 11, 2025",More items now drop from levels 1-15.,0,0,0,0,0,0,1,0,False,OTHER,OTHER
2.5.0,69713,"December 11, 2025","When in a Capstone dungeon, the closest affiliated difficulty is now displayed.",0,0,0,0,0,1,0,1,False,OTHER,OTHER
2.5.0,69713,"December 11, 2025","Cooldown Reduction can now naturally appear on rings, gloves, and shields.",0,0,0,0,1,0,0,1,False,OTHER,OTHER
2.5.0,69713,"December 11, 2025",Various tuning to Capstone Dungeon encounters.,0,0,0,0,0,0,1,0,False,OTHER,OTHER
2.5.0,69713,"December 11, 2025",Various monster and monster pack spawning adjustments.,0,0,0,0,0,1,0,1,False,OTHER,OTHER
2.5.0,69713,"December 11, 2025",Various other minor updates and tweaks to Sanctification and Seasonal Activities.,0,0,0,0,0,0,1,0,False,OTHER,OTHER
2.5.0,69713,"December 11, 2025",Various miscellaneous fixes to new features and systems introduced in this Season.,0,0,0,1,0,1,0,2,False,OTHER,OTHER
2.5.0,69713,"December 11, 2025","Various stability, UI, and visual improvements.",1,0,0,0,1,0,0,2,False,OTHER,OTHER
2.5.0,69713,"December 11, 2025",Path of the Emissary: Unique Boots,0,0,0,0,0,0,1,0,False,OTHER,OTHER
2.5.0,69713,"December 11, 2025",+30% Movement Speed (Inherent),0,0,0,0,0,0,1,0,False,OTHER,OTHER
2.5.0,69713,"December 11, 2025",+16-25% Movement speed,0,0,0,0,0,0,1,0,False,OTHER,OTHER
2.5.0,69713,"December 11, 2025",+155-200% Core Skill damage,0,0,0,0,0,0,1,0,False,OTHER,OTHER
2.5.0,69713,"December 11, 2025",+1-2 Core Skill ranks,0,0,0,0,0,0,1,0,False,OTHER,OTHER
2.5.0,69713,"December 11, 2025",+26.5-40% Impairment Reduction,0,0,0,0,0,0,1,0,False,OTHER,OTHER
2.5.0,69713,"December 11, 2025","Every 12-4 meters you move, invoke a Core Skill from your primary Spirit Hall.",0,0,0,0,0,0,1,0,False,OTHER,OTHER
2.5.0,69713,"December 11, 2025","Previous: When enemies recover from Concussive Stomp, you dodge their next 3 attacks.",0,0,0,0,0,0,1,0,False,OTHER,OTHER
2.5.0,69713,"December 11, 2025","Now: When enemies recover from a Concussive Stomp that you Cast, you block their next 3 attacks.",0,0,0,0,0,0,1,0,False,OTHER,OTHER
2.5.0,69713,"December 11, 2025",Now consumes up to 500 Vigor.,0,0,0,0,0,0,1,0,False,OTHER,OTHER
2.5.0,69713,"December 11, 2025",Previous: Hitting enemies with Jaguar Skills increases the Damage they take from you by 0.1-0.3% up to 10-30%.,1,0,0,0,0,0,0,1,False,OTHER,OTHER
2.5.0,69713,"December 11, 2025",Now: Gain 2/4/6% Jaguar Skill Attack Speed and Cooldown Reduction.,1,0,0,0,0,0,0,1,False,OTHER,OTHER
2.5.0,69713,"December 11, 2025",Ring of the Midday Hunt,0,0,0,0,0,0,1,0,False,OTHER,OTHER
2.5.0,69713,"December 11, 2025","Previous: A Pestilent Swarm spawns from you every 4 seconds, dealing x Poison damage per hit. Your Pestilent Swarms now orbit around you and generate 3 Vigor per hit.",0,0,0,0,0,1,0,1,False,OTHER,OTHER
2.5.0,69713,"December 11, 2025","Now: A Pestilent Swarm spawns from you every 4 seconds, dealing x Poison damage per hit. Your Pestilent Swarms now orbit around you and reduce an equipped Eagle Skill's cooldown by 0.25 seconds per hit.",0,1,0,0,1,1,0,3,False,OTHER,OTHER
2.5.0,69713,"December 11, 2025","Previous: While you have at least 4 stacks of Ferocity, you gain 1 - 7 Vigor per second. Gaining Ferocity also grants Resolve.",1,0,0,0,0,0,0,1,False,OTHER,OTHER
2.5.0,69713,"December 11, 2025",Can now only consume up to 500 Vigor.,0,1,0,0,1,0,0,2,False,OTHER,OTHER
2.5.0,69713,"December 11, 2025",All main Spirit Hall potency affixes changed to main Spirit Hall Damage.,0,0,0,0,0,0,1,0,False,OTHER,OTHER
2.5.0,69713,"December 11, 2025",Updated the tooltips to display the damage that scales with the above affix in blue.,0,0,0,0,1,0,0,1,False,OTHER,OTHER
2.5.0,69713,"December 11, 2025","Now: Every 15th time you deal direct damage with a Jaguar Skill, unleash a Beast Strike for (100% Weapon damage), increasing all damage you deal by 3% and doubling Beast Strike's damage, stacking 5 times. You lose all stacks when you stop attacking for 1 second.",1,0,0,0,0,0,0,1,False,OTHER,OTHER
2.5.0,69713,"December 11, 2025",Now scales damage rather than Vulnerable duration.,0,0,0,0,0,0,1,0,False,OTHER,OTHER
2.5.0,69713,"December 11, 2025",Now only scales Thorns damage.,0,1,0,0,0,0,0,1,False,OTHER,OTHER
2.5.0,69713,"December 11, 2025",Updated the tooltip to clarify that Gorilla skills do not need to be Cast to gain the effect.,1,0,0,0,1,0,0,2,False,OTHER,OTHER
2.5.0,69713,"December 11, 2025",Now scales damage rather than Slow and Damage reduction.,0,0,0,0,0,0,1,0,False,OTHER,OTHER
2.5.0,69713,"December 11, 2025",Vigor Restoration changed from 15% to 15 Vigor.,0,0,0,0,0,0,1,0,False,OTHER,OTHER
2.5.0,69713,"December 11, 2025",Mystic Circle Potency moved from Jaguar Finesse (Offensive) to Plains Augments (Weapon).,0,0,0,0,0,0,1,0,False,OTHER,OTHER
2.5.0,69713,"December 11, 2025",Seeker perk changed from restoring 50% Maximum Resource to 50 primary resource gained.,1,0,0,0,0,0,0,1,False,OTHER,OTHER
2.5.0,69713,"December 11, 2025",Ember's Gift resource gain changed from 33% of max per second to 33 resource per second.,1,0,0,0,0,0,0,1,False,OTHER,OTHER
2.5.0,69713,"December 11, 2025","The Undercity comes bearing gifts, despite Andariel's corruption! Most rewards in the Undercity have been buffed, with a particular focus on ensuring that both rarer and pre-Torment Tributes are more rewarding.",0,0,0,0,0,0,1,0,False,OTHER,OTHER
2.5.0,69713,"December 11, 2025",Buffed item rewards from any Undercity run in Torment difficulty.,0,0,0,0,0,1,0,1,False,OTHER,OTHER
2.5.0,69713,"December 11, 2025",in Chakhir wouldn't engage in combat with the player.,0,0,0,0,0,0,1,0,False,OTHER,OTHER
2.5.0,69713,"December 11, 2025",+51-65 All Stats,0,0,0,0,0,0,1,0,False,OTHER,OTHER
2.5.0,69713,"December 11, 2025",+424-457 Maximum Life,0,0,0,0,0,0,1,0,False,OTHER,OTHER
2.5.0,69713,"December 11, 2025",8.1-8.8% Cooldown Reduction,0,0,0,0,0,0,1,0,False,OTHER,OTHER
2.5.0,69713,"December 11, 2025",+2-3 to Brawling Skills,0,0,0,0,0,0,1,0,False,OTHER,OTHER
2.5.0,69713,"December 11, 2025",Inherent: Attacks Reduce Evade's Cooldown by 0.5 Seconds,0,1,0,0,0,0,0,1,False,OTHER,OTHER
2.5.0,69713,"December 11, 2025",+1-2 Ranks of Endless Tempest,0,1,0,0,0,0,0,1,False,OTHER,OTHER
2.5.0,69713,"December 11, 2025",+16.5-25.0% Movement Speed,0,0,0,0,0,0,1,0,False,OTHER,OTHER
2.5.0,69713,"December 11, 2025",+41.5-55.0% Crowd Control Duration,0,0,0,0,0,0,1,0,False,OTHER,OTHER
2.5.0,69713,"December 11, 2025",16-25% Nature Magic Cooldown Reduction,0,0,0,0,0,0,1,0,False,OTHER,OTHER
2.5.0,69713,"December 11, 2025",+2-3 to Bad Omen,0,0,0,0,0,0,1,0,False,OTHER,OTHER
2.5.0,69713,"December 11, 2025",Damaging 150-100 Enemies with Nature Magic Skills grants maximum Movement Speed and Unhindered for 4-8 seconds. Enemies you run through are Immobilized for 1 second.,1,0,0,0,0,0,0,1,False,OTHER,OTHER
2.5.0,69713,"December 11, 2025","Damaging 200-100 Enemies with Storm Skills grants a charge. Casting any Defensive Skill will grant Max Movement Speed and Unhindered for 1 second for each charge used. While Charged, enemies you run into are Immobilized for 1 second.",1,0,0,0,0,0,0,1,False,OTHER,OTHER
2.5.0,69713,"December 11, 2025","Grigoire, the Galvanic Saint",0,0,0,0,0,0,1,0,False,OTHER,OTHER
2.5.0,69713,"December 11, 2025",Inherent Affix: 10% Attack Speed,0,0,0,0,0,0,1,0,False,OTHER,OTHER
2.5.0,69713,"December 11, 2025",+521-561 Maximum Life,0,0,0,0,0,0,1,0,False,OTHER,OTHER
2.5.0,69713,"December 11, 2025",+36.5-50% Chance for Golem to Hit Twice,0,0,0,0,0,0,1,0,False,OTHER,OTHER
2.5.0,69713,"December 11, 2025",+1-2 Golem Mastery,0,0,0,0,0,0,1,0,False,OTHER,OTHER
2.5.0,69713,"December 11, 2025",You raise 3 smaller Golems that each deal 40-60% of normal damage and gain 30%[+] Attack Speed. Your Golems respawn 50% faster.,1,0,0,0,0,1,0,2,False,OTHER,OTHER
2.5.0,69713,"December 11, 2025",Inherent: +15% Dodge Chance while Channeling Dance of Knives,0,0,0,0,0,0,1,0,False,OTHER,OTHER
2.5.0,69713,"December 11, 2025",+9.0-11.0% Critical Strike Chance,0,0,0,0,0,0,1,0,False,OTHER,OTHER
2.5.0,69713,"December 11, 2025",+16.0-25.0% Movement Speed,0,0,0,0,0,0,1,0,False,OTHER,OTHER
2.5.0,69713,"December 11, 2025",+2-3 to Dance of Knives,0,0,0,0,0,0,1,0,False,OTHER,OTHER
2.5.0,69713,"December 11, 2025",+62.5-85.0% Agility Damage,0,0,0,0,0,0,1,0,False,OTHER,OTHER
2.5.0,69713,"December 11, 2025","Dance of Knives drops knives from enemies hit. Picking them up grants you 1 Charge and increases your Dance of Knives damage by 10-20% for 6 seconds, stacking up to 3 times.",1,0,0,0,0,0,0,1,False,OTHER,OTHER
2.5.0,69713,"December 11, 2025",+424-457 Maximum Life,0,0,0,0,0,0,1,0,False,OTHER,OTHER
2.5.0,69713,"December 11, 2025",+57.0-75.0% Non-Physical Damage,0,0,0,0,0,0,1,0,False,OTHER,OTHER
2.5.0,69713,"December 11, 2025",+3-4 to Core Skills,0,0,0,0,0,0,1,0,False,OTHER,OTHER
2.5.0,69713,"December 11, 2025","Previous: Gain 60 Maximum Resource. When taking damage, 75% is Drained as 2 Resource for every 1% of Maximum Life you would have lost.",1,0,0,0,0,0,0,1,False,OTHER,OTHER
2.5.0,69713,"December 11, 2025",Note that taking damage during the 3 second regeneration phase does not cancel the full regeneration.,0,0,0,0,0,0,1,0,False,OTHER,OTHER
2.5.0,69713,"December 11, 2025",Tassets of the Dawning Sky,0,0,0,0,0,0,1,0,False,OTHER,OTHER
2.5.0,69713,"December 11, 2025",All Resistance updated to 80 All Resistance.,0,0,0,0,0,0,1,0,False,OTHER,OTHER
2.5.0,69713,"December 11, 2025","Renamed to ""Of Elemental Fate"".",0,0,0,0,0,0,1,0,False,OTHER,OTHER
2.5.0,69713,"December 11, 2025","Fire, Lightning, and Physical.",0,0,0,0,0,0,1,0,False,OTHER,OTHER
2.5.0,69713,"December 11, 2025","Cold, Poison, and Shadow.",0,0,0,0,0,0,1,0,False,OTHER,OTHER
2.5.0,69713,"December 11, 2025","Fire, Lightning, and Physical.",0,0,0,0,0,0,1,0,False,OTHER,OTHER
2.5.0,69713,"December 11, 2025","Cold, Poison, and Shadow.",0,0,0,0,0,0,1,0,False,OTHER,OTHER
2.5.0,69713,"December 11, 2025","Now has 21 ranks, up from 16.",1,0,0,0,0,0,0,1,False,OTHER,OTHER
2.5.0,69713,"December 11, 2025","Now has 21 ranks, up from 16.",1,0,0,0,0,0,0,1,False,OTHER,OTHER
2.5.0,69713,"December 11, 2025","Now has 21 ranks, up from 16.",1,0,0,0,0,0,0,1,False,OTHER,OTHER
2.5.0,69713,"December 11, 2025","Now has 21 ranks, up from 16.",1,0,0,0,0,0,0,1,False,OTHER,OTHER
2.5.0,69713,"December 11, 2025",Aspect of the Dark Dance,0,0,0,0,0,0,1,0,False,OTHER,OTHER
2.5.0,69713,"December 11, 2025","Now has 21 ranks, up from 16.",1,0,0,0,0,0,0,1,False,OTHER,OTHER
2.5.0,69713,"December 11, 2025","Now has 21 ranks, up from 16.",1,0,0,0,0,0,0,1,False,OTHER,OTHER
2.5.0,69713,"December 11, 2025",Aspect of the Prudent Heat,0,0,0,0,0,0,1,0,False,OTHER,OTHER
2.5.0,69713,"December 11, 2025","Now has 21 ranks, up from 16.",1,0,0,0,0,0,0,1,False,OTHER,OTHER
2.5.0,69713,"December 11, 2025",Now scales with Attack Speed.,0,0,0,0,0,0,1,0,False,OTHER,OTHER
2.5.0,69713,"December 11, 2025",Can now be cancelled slightly earlier with another skill.,0,0,0,0,1,0,0,1,False,OTHER,OTHER
2.5.0,69713,"December 11, 2025","Previous: Steel yourself, gaining a Barrier that absorbs 50% of your missing Life for 5 seconds.",1,0,0,0,0,0,0,1,False,OTHER,OTHER
2.5.0,69713,"December 11, 2025","Now: Steel yourself, increasing only your Maximum Life by 30% and gaining a Barrier that absorbs 80% of your missing Life for 5 seconds.",1,0,0,0,0,0,0,1,False,OTHER,OTHER
2.5.0,69713,"December 11, 2025",Now: Ground Stomp generates 60 Fury and Pulls in enemies.,0,0,0,0,0,0,1,0,False,OTHER,OTHER
2.5.0,69713,"December 11, 2025","Now: While Rallying Cry is active, gain 1% Maximum Life as Fortify every second.",1,0,0,0,0,0,0,1,False,OTHER,OTHER
2.5.0,69713,"December 11, 2025","Now: While Fortified, gain 3% Damage Reduction.",1,0,0,0,0,0,0,1,False,OTHER,OTHER
2.5.0,69713,"December 11, 2025",Aspect of the Veteran Brawler,0,0,0,0,0,0,1,0,False,OTHER,OTHER
2.5.0,69713,"December 11, 2025",Aspect of the Dire Whirlwind,0,0,0,0,0,0,1,0,False,OTHER,OTHER
2.5.0,69713,"December 11, 2025",Previous: Each point of Fury generated while at Maximum Fury grants 4-28 Fortify.,1,0,0,0,0,0,0,1,False,OTHER,OTHER
2.5.0,69713,"December 11, 2025",Now: Every 100 Fury generated while at Maximum Fury grants 2-3% Max Life Fortify.,1,0,0,0,0,0,0,1,False,OTHER,OTHER
2.5.0,69713,"December 11, 2025",Previous: Gain 147-671 Fortify whenever you deal direct damage while Berserking.,1,0,0,0,0,0,0,1,False,OTHER,OTHER
2.5.0,69713,"December 11, 2025",Now: Gain .1-.3% Max Life Fortify whenever you deal direct damage while Berserking.,1,0,0,0,0,0,0,1,False,OTHER,OTHER
2.5.0,69713,"December 11, 2025","Previous: After swapping weapons 5 times, gain 98-622 Fortify.",1,0,0,0,0,0,0,1,False,OTHER,OTHER
2.5.0,69713,"December 11, 2025","Now: After swapping weapons 5 times, gain 2-3% Max Life Fortify.",1,0,0,0,0,0,0,1,False,OTHER,OTHER
2.5.0,69713,"December 11, 2025","Now has 21 ranks, up from 16.",1,0,0,0,0,0,0,1,False,OTHER,OTHER
2.5.0,69713,"December 11, 2025","Now has 21 ranks, up from 16.",1,0,0,0,0,0,0,1,False,OTHER,OTHER
2.5.0,69713,"December 11, 2025","Now has 21 ranks, up from 16.",1,0,0,0,0,0,0,1,False,OTHER,OTHER
2.5.0,69713,"December 11, 2025","Previous: For every 75 Fury you spend, gain 15% of your Maximum Life as Fortify.",1,0,0,0,0,0,0,1,False,OTHER,OTHER
2.5.0,69713,"December 11, 2025","Now: For every 300 Fury you spend, gain 10% of your Maximum Life as Fortify.",1,0,0,0,0,0,0,1,False,OTHER,OTHER
2.5.0,69713,"December 11, 2025",Now also calls Lightning Strikes when applying Immobilize and Stun.,0,0,0,0,0,0,1,0,False,OTHER,OTHER
2.5.0,69713,"December 11, 2025",Previous: Reduce the duration of Control Impairing Effects by 5%. Double this effect while you have Fortify for over 50% of your Maximum Life.,0,1,0,0,0,0,0,1,False,OTHER,OTHER
2.5.0,69713,"December 11, 2025",Now: Reduce the duration of Control Impairing Effects by 5%. Double this effect while Fortified.,1,1,0,0,0,0,0,2,False,OTHER,OTHER
2.5.0,69713,"December 11, 2025",Previous: Increases the amount of Fortify you gain from all sources by 5% and you gain 3% Damage Reduction while Fortified.,1,0,0,0,0,0,0,1,False,OTHER,OTHER
2.5.0,69713,"December 11, 2025",Now: Increases the amount of Fortify you gain from all sources by 5%.,1,0,0,0,0,0,0,1,False,OTHER,OTHER
2.5.0,69713,"December 11, 2025","Previous: When you use a Shapeshifting Skill that changes your form, Heal for 5-20% of your Maximum Life. If you are at full Life, gain the same amount as Fortify.",1,0,0,0,0,0,0,1,False,OTHER,OTHER
2.5.0,69713,"December 11, 2025","Now: When you use a Shapeshifting Skill that changes your form, Fortify for 2-3% of your Maximum Life.",1,0,0,0,0,0,0,1,False,OTHER,OTHER
2.5.0,69713,"December 11, 2025","Now has 21 ranks, up from 16.",1,0,0,0,0,0,0,1,False,OTHER,OTHER
2.5.0,69713,"December 11, 2025","Now has 21 ranks, up from 16.",1,0,0,0,0,0,0,1,False,OTHER,OTHER
2.5.0,69713,"December 11, 2025","If the Golem's active ability targets an enemy, your Skeletal Warriors and Mages will focus their attacks on that target.",0,0,0,0,0,0,1,0,False,OTHER,OTHER
2.5.0,69713,"December 11, 2025",Now will only consume up to 500 Essence.,0,0,0,0,0,0,1,0,False,OTHER,OTHER
2.5.0,69713,"December 11, 2025","Previous: Hemorrhage grants 1.6% of your Maximum Life as Fortify each time it hits an enemy, and has a 1.5% chance per enemy hit to Fortify you for 100% of your Maximum Life.",1,0,0,0,0,0,0,1,False,OTHER,OTHER
2.5.0,69713,"December 11, 2025","Now: Hemorrhage grants 1% of your Maximum Life as Fortify, and has a 3% chance to Fortify you for 100% of your Maximum Life.",1,0,0,0,0,0,0,1,False,OTHER,OTHER
2.5.0,69713,"December 11, 2025",Aspect of the Cursed Aura,0,0,0,0,0,0,1,0,False,OTHER,OTHER
2.5.0,69713,"December 11, 2025","Now has 21 ranks, up from 16.",1,0,0,0,0,0,0,1,False,OTHER,OTHER
2.5.0,69713,"December 11, 2025","Now has 21 ranks, up from 16.",1,0,0,0,0,0,0,1,False,OTHER,OTHER
2.5.0,69713,"December 11, 2025",Greaves of the Empty Tomb,0,0,0,0,0,0,1,0,False,OTHER,OTHER
2.5.0,69713,"December 11, 2025","Previous: Attack enemies to fill your Inner Sight gauge. Marked enemies fill it faster. When full, gain unlimited Energy and 25%[+] Critical Strike Chance for 4 seconds.",1,0,0,0,0,0,0,1,False,OTHER,OTHER
2.5.0,69713,"December 11, 2025","Now: Attack enemies to fill your Inner Sight gauge. Marked enemies fill it faster. When full, restore 300 Energy, and gain 100% Energy Cost Reduction, 25%[+] Critical Strike Chance, and 25%[x] Critical Strike Damage.",1,0,0,0,0,0,0,1,False,OTHER,OTHER
2.5.0,69713,"December 11, 2025",Shadow Clone's copied skills will now more consistently target the initial target of the skill.,0,0,0,0,0,0,1,0,False,OTHER,OTHER
2.5.0,69713,"December 11, 2025",Now can only consume up to 500 Energy.,0,0,0,0,0,0,1,0,False,OTHER,OTHER
2.5.0,69713,"December 11, 2025",Now: Teleport generates 3 Charges of Crackling Energy.,0,0,0,0,0,0,1,0,False,OTHER,OTHER
2.5.0,69713,"December 11, 2025","Previous: After Teleporting, you gain 30% Damage Reduction for 4 seconds.",1,0,0,0,0,0,0,1,False,OTHER,OTHER
2.5.0,69713,"December 11, 2025",Now: Teleport Dazes enemies at its end point for 1.5 seconds.,0,0,0,0,0,0,1,0,False,OTHER,OTHER
2.5.0,69713,"December 11, 2025",Now: Frozen Orb's explosion deals 50% more damage.,1,0,0,0,0,0,0,1,False,OTHER,OTHER
2.5.0,69713,"December 11, 2025",Now: Gain 6/12/18% Summon Damage.,1,0,0,0,0,0,0,1,False,OTHER,OTHER
2.5.0,69713,"December 11, 2025",Changed from an Offensive to a Defensive Aspect.,0,0,0,0,0,0,1,0,False,OTHER,OTHER
2.5.0,69713,"December 11, 2025",Renamed to Aspect of Tenuous Survival.,0,0,0,0,0,0,1,0,False,OTHER,OTHER
2.5.0,69713,"December 11, 2025",Previous: Casting Ice Armor makes you Unstoppable and grants 25% Damage Reduction for 3.5-5.5 seconds.,1,0,0,0,0,0,0,1,False,OTHER,OTHER
2.5.0,69713,"December 11, 2025",Now: Ice Armor makes you Unstoppable and grants 200-400 Armor.,1,0,0,0,0,0,0,1,False,OTHER,OTHER
2.5.0,69713,"December 11, 2025",Free-casted Defensive Skills will now interact with this aspect.,0,0,0,0,0,0,1,0,False,OTHER,OTHER
2.5.0,69713,"December 11, 2025","Previous: Gain the Flame Shield Enchantment for free. When Flame Shield activates, Meteorites fall around you dealing Fire damage.",1,0,0,0,0,0,0,1,False,OTHER,OTHER
2.5.0,69713,"December 11, 2025","Now: While Flame Shield is active, Meteorites cascade around you and deal Fire damage. Your Meteorites gain 2% Lucky Hit Chance.",1,0,0,0,0,0,0,1,False,OTHER,OTHER
2.5.0,69713,"December 11, 2025","Now has 21 ranks, up from 16.",1,0,0,0,0,0,0,1,False,OTHER,OTHER
2.5.0,69713,"December 11, 2025","Now has 21 ranks, up from 16.",1,0,0,0,0,0,0,1,False,OTHER,OTHER
2.5.0,69713,"December 11, 2025",Previous: Attacks reduce Evade's Cooldown by 1 second. Gain 1 Evade Charge.,1,1,0,0,0,0,0,2,False,OTHER,OTHER
2.5.0,69713,"December 11, 2025",Now: 55% Teleport Nova Size.,1,0,0,0,0,0,0,1,False,OTHER,OTHER
2.5.0,69713,"December 11, 2025",Previous: Gain the effect of the Teleport Enchantment for free. When you Evade using Teleport Enchantment you are taken to a random location.,1,0,0,0,0,0,0,1,False,OTHER,OTHER
2.5.0,69713,"December 11, 2025",Each enemy hit by Teleport increases the damage by 5-15%|x| and reduces the Cooldown by 0.5 seconds of the next cast.,1,1,0,0,0,0,0,2,False,OTHER,OTHER
2.5.0,69713,"December 11, 2025","Casting Teleport grants a stack of Galvanization, increasing its damage by 30-50% for 8 seconds.",1,0,0,0,0,0,0,1,False,OTHER,OTHER
2.5.0,69713,"December 11, 2025",Becoming Injured Teleports you to a random location.,0,0,0,0,0,0,1,0,False,OTHER,OTHER
2.5.0,69713,"December 11, 2025",This option has been treated as mandatory for too long. We're reducing the frequency of its procs and cutting away some of its synergies to allow the Teleport Skill to be your premiere source of mobility and utility.,0,0,0,0,0,0,1,0,False,OTHER,OTHER
2.5.0,69713,"December 11, 2025",Ranks of Primordial Binding changed to 2-4 Skill Ranks of Frozen Orb.,0,0,0,0,0,0,1,0,False,OTHER,OTHER
2.5.0,69713,"December 11, 2025",Previous: Casting Frozen Orb has a 35-65% chance to spawn a random Conjuration on your Action Bar when it explodes. Lucky Hit: Your Conjurations have up to a 50-90% chance to launch a Frozen Orb at Nearby enemies.,0,0,0,0,0,1,0,1,False,OTHER,OTHER
2.5.0,69713,"December 11, 2025",Now: Frozen Orbs deal 4-8% more damage per active Summon and have a 65% chance to create a random Conjuration when Cast. Lucky Hit: Your Summons have up to a 90% chance to launch a Frozen Orb at a Nearby enemy.,1,0,0,0,0,0,0,1,False,OTHER,OTHER
2.5.0,69713,"December 11, 2025","We are making changes that will allow this Unique Item to, first and foremost, serve as a Frozen Orb Item for scaling its damage. We've also updated it to function better with Summons as a whole.",0,0,0,0,0,1,0,1,False,OTHER,OTHER
2.5.0,69713,"December 11, 2025","Now: After Casting Teleport, Close enemies are Pulled Inwards and it has a 10-30% chance to reset from each enemy it kills.",1,0,0,0,0,0,0,1,False,OTHER,OTHER
2.5.0,69713,"December 11, 2025","Previous: Upon getting hit, you have a 5% chance to apply Ice Armor.",0,0,0,0,0,0,1,0,False,OTHER,OTHER
2.5.0,69713,"December 11, 2025",Now: Healing Potions apply Ice Armor and have a 25% chance to refund themselves.,1,0,0,0,0,0,0,1,False,OTHER,OTHER
2.5.0,69713,"December 11, 2025",Previous: Lucky Hit: Your Conjuration Skills have up to a 35% chance to unleash a Frost Nova when hitting enemies.,0,0,0,0,0,0,1,0,False,OTHER,OTHER
2.5.0,69713,"December 11, 2025",Now: Lucky Hit: Up to a 10% chance to unleash a Frost Nova after hitting an enemy.,1,0,0,0,0,0,0,1,False,OTHER,OTHER
2.5.0,69713,"December 11, 2025",This option has been treated as mandatory for too long. We're reducing the frequency of its procs and cutting away some of its synergies to allow the Teleport Skill to be your premiere source of mobility and utility.,0,0,0,0,0,0,1,0,False,OTHER,OTHER
2.5.0,69713,"December 11, 2025","Previous: Whenever you Cast a non-Basic Skill, you have a 30% chance to launch a Frozen Orb at a Nearby enemy.",0,0,0,0,0,0,1,0,False,OTHER,OTHER
2.5.0,69713,"December 11, 2025",Now: Casting a Skill has a 30% chance to launch a Frozen Orb at a Nearby enemy.,1,0,0,0,0,0,0,1,False,OTHER,OTHER
2.5.0,69713,"December 11, 2025",Dungeon and Overworld content have had their Elite densities adjusted to compensate for the new rarities of Champion and Rare.,0,0,0,1,0,0,0,1,False,OTHER,OTHER
2.5.0,69713,"December 11, 2025","For more details on Monster changes, please see the section above.",0,0,0,0,0,0,1,0,False,OTHER,OTHER
2.5.0,69713,"December 11, 2025","With the changes to Renown, the pace of the early leveling journey is a fair bit slower. With the longer time to level, players were spending long periods of time where only one rarity of item was dropping. To combat this, we adjusted the level-over-level shift in item frequency to be more gradual for Normal, Legendary, and Rare Items.",0,0,0,0,0,0,1,0,False,OTHER,OTHER
2.5.0,69713,"December 11, 2025",Normal Items will continue dropping for longer while leveling.,0,0,0,0,0,0,1,0,False,OTHER,OTHER
2.5.0,69713,"December 11, 2025",Rare Items will be rarer before Level 30.,0,0,0,0,0,0,1,0,False,OTHER,OTHER
2.5.0,69713,"December 11, 2025","Legendary Items will be rarer before Level 40, and rapidly increase in frequency after.",1,0,0,0,0,0,0,1,False,OTHER,OTHER
2.5.0,69713,"December 11, 2025",The legendary rate for a Level 40 character in season 11 will be equivalent to the legendary rate for a level 25 character in season 10.,0,0,0,0,1,0,0,1,False,OTHER,OTHER
2.5.0,69713,"December 11, 2025",The legendary rate is unchanged for a Level 60 character.,0,0,0,0,0,0,1,0,False,OTHER,OTHER
2.5.0,69713,"December 11, 2025","Killing the last Champion in a pack, or any Elite, will always drop equipment and gold, in addition to their standard reward chances.",0,0,0,0,1,0,0,1,False,OTHER,OTHER
2.5.0,69713,"December 11, 2025","In addition to dropping Gem Fragments, Monsters have a chance of dropping a level-appropriate Gem.",0,0,0,0,0,0,1,0,False,OTHER,OTHER
2.5.0,69713,"December 11, 2025",Crafting Costs will generally never cost more than two types of crafting materials.,0,0,0,0,0,0,1,0,False,OTHER,OTHER
2.5.0,69713,"December 11, 2025",Added new recipes for converting Salvage Materials.,0,0,0,1,0,0,0,1,False,OTHER,OTHER
2.5.0,69713,"December 11, 2025",Enrich Scrap: Convert Rawhide and Iron Chunks into Veiled Crystals.,0,0,0,0,0,0,1,0,False,OTHER,OTHER
2.5.0,69713,"December 11, 2025",Refine Materials: Convert Veiled Crystals into Forgotten Souls or Legendary Salvage.,0,0,0,0,0,0,1,0,False,OTHER,OTHER
2.5.0,69713,"December 11, 2025",Material cost for Imprinting has been adjusted.,0,0,0,0,0,0,1,0,False,OTHER,OTHER
2.5.0,69713,"December 11, 2025","Rare: 5-10 Common Salvage (Iron Chunk, Silver Ore/Superior Leather, Rawhide), 3-7 Veiled Crystals, 0-3 Legendary Salvage (Abstruse Sigil/Baleful Fragment/Coiling Ward), and 5,000-200,000 gold.",0,0,0,0,0,0,1,0,False,OTHER,OTHER
2.5.0,69713,"December 11, 2025","Ancestral Legendary: 25 Common Salvage, 15 Veiled Crystals, 8 Legendary Salvage, 5 Forgotten Souls, and 325,000 gold.",0,0,0,0,0,0,1,0,False,OTHER,OTHER
2.5.0,69713,"December 11, 2025","Rare: 5 Veiled Crystals and 5,000-200,000 gold.",0,0,0,0,0,0,1,0,False,OTHER,OTHER
2.5.0,69713,"December 11, 2025","Ancestral Legendary: 5 Forgotten Souls and 1,000,000 gold.",0,0,0,0,0,0,1,0,False,OTHER,OTHER
2.5.0,69713,"December 11, 2025",Material cost for Enchanting has been adjusted.,0,0,0,0,0,0,1,0,False,OTHER,OTHER
2.5.0,69713,"December 11, 2025","Rare: 5-10 Common Salvage, 2-5 Veiled Crystals, and scaling (with re-rolls) gold.",0,0,0,0,0,1,0,1,False,OTHER,OTHER
2.5.0,69713,"December 11, 2025","Ancestral Legendary: 30 Common Salvage, 20 Veiled Crystals, 2 Legendary Salvage, 5 Forgotten Souls, and scaling(with re-rolls) gold.",0,0,0,0,0,1,0,1,False,OTHER,OTHER
2.5.0,69713,"December 11, 2025",Rare: 10 Veiled Crystals and scaling (with re-rolls) gold.,0,0,0,0,0,1,0,1,False,OTHER,OTHER
2.5.0,69713,"December 11, 2025",Ancestral Legendary: 10 Forgotten Souls and scaling (with re-rolls) gold.,0,0,0,0,0,1,0,1,False,OTHER,OTHER
2.5.0,69713,"December 11, 2025",Yields for Item Salvage have been adjusted.,0,0,0,0,0,0,1,0,False,OTHER,OTHER
2.5.0,69713,"December 11, 2025","Salvaging a Rare item provides 1 Common Salvage (Iron Chunk, Silver Ore/Superior Leather, Rawhide) and 2 Veiled Crystals.",1,0,0,0,0,0,0,1,False,OTHER,OTHER
2.5.0,69713,"December 11, 2025","Salvaging an Ancestral Legendary Item provides 10 Common Salvage, 10 Veiled Crystals, and 10 Legendary Salvage (Abstruse Sigil/Baleful Fragment/Coiling Ward).",1,0,0,0,0,0,0,1,False,OTHER,OTHER
2.5.0,69713,"December 11, 2025","Salvaging a Mythic Unique provides 100 Common Salvage, 100 Veiled Crystals, 100 Legendary Salvage, and a Resplendent Spark.",1,0,0,0,0,0,0,1,False,OTHER,OTHER
2.5.0,69713,"December 11, 2025",Salvaging a Rare item provides 5 Common Salvage and 2 Veiled Crystals.,1,0,0,0,0,0,0,1,False,OTHER,OTHER
2.5.0,69713,"December 11, 2025",Salvaging an Ancestral Legendary Item provides 5 Legendary Salvage and 1 Forgotten Soul.,1,0,0,0,0,0,0,1,False,OTHER,OTHER
2.5.0,69713,"December 11, 2025","Salvaging a Mythic Unique provides 1,000 legendary Salvage, 100 Forgotten Souls, and a Resplendent Spark.",1,0,0,0,0,0,0,1,False,OTHER,OTHER
2.5.0,69713,"December 11, 2025",The number of Temper rolls available on an item has changed.,0,0,0,0,0,0,1,0,False,OTHER,OTHER
2.5.0,69713,"December 11, 2025",Previous: 5 Tempers,0,0,0,0,0,0,1,0,False,OTHER,OTHER
2.5.0,69713,"December 11, 2025",Now: 1 Temper,0,0,0,0,0,0,1,0,False,OTHER,OTHER
2.5.0,69713,"December 11, 2025","Previous: 5 Tempers, plus one per Greater Affix.",0,0,0,0,0,0,1,0,False,OTHER,OTHER
2.5.0,69713,"December 11, 2025","Now: 3 Tempers, plus one per Greater Affix.",0,0,0,0,0,0,1,0,False,OTHER,OTHER
2.5.0,69713,"December 11, 2025",Scrolls of Restoration have been redesigned.,0,0,0,0,1,0,0,1,False,OTHER,OTHER
2.5.0,69713,"December 11, 2025",There is no limit to the number of times a Scroll of Restoration can be used on an item.,0,0,0,0,0,0,1,0,False,OTHER,OTHER
2.5.0,69713,"December 11, 2025",Material cost for Tempering has been adjusted.,0,0,0,0,0,0,1,0,False,OTHER,OTHER
2.5.0,69713,"December 11, 2025",Rare: 10-25 Common Salvage and 2-5 Veiled Crystals.,0,0,0,0,0,0,1,0,False,OTHER,OTHER
2.5.0,69713,"December 11, 2025","Legendary: 10-25 Common Salvage, 2-10 Veiled Crystals, and 0-1 Legendary Salvage.",0,0,0,0,0,0,1,0,False,OTHER,OTHER
2.5.0,69713,"December 11, 2025","Ancestral Legendary: 40 Common Salvage, 15 Veiled Crystals, 2 Legendary Salvage, and 1 Forgotten Soul.",0,0,0,0,0,0,1,0,False,OTHER,OTHER
2.5.0,69713,"December 11, 2025",Rare: 25 Common Salvage and 5 Veiled Crystals.,0,0,0,0,0,0,1,0,False,OTHER,OTHER
2.5.0,69713,"December 11, 2025",Legendary: 15 Veiled Crystals and 5 Legendary Salvage.,0,0,0,0,0,0,1,0,False,OTHER,OTHER
2.5.0,69713,"December 11, 2025",Ancestral Legendary: 25 Legendary Salvage and 25 Forgotten Souls.,0,0,0,0,0,0,1,0,False,OTHER,OTHER
2.5.0,69713,"December 11, 2025","Masterworking has been redesigned. Items have a new stat, Refinement, which is displayed on the item tooltip.",0,0,0,1,1,0,0,2,False,OTHER,OTHER
2.5.0,69713,"December 11, 2025","Once at the cap, the item is considered Masterworked.",0,0,0,0,0,0,1,0,False,OTHER,OTHER
2.5.0,69713,"December 11, 2025",A Chest item with 100 armor,0,0,0,0,0,0,1,0,False,OTHER,OTHER
2.5.0,69713,"December 11, 2025",Refinement 0% = 100 Armor,0,0,0,0,0,0,1,0,False,OTHER,OTHER
2.5.0,69713,"December 11, 2025",Refinement 5% = 105 Armor,0,0,0,0,0,0,1,0,False,OTHER,OTHER
2.5.0,69713,"December 11, 2025",Refinement 20% = 120 Armor,0,0,0,0,0,0,1,0,False,OTHER,OTHER
2.5.0,69713,"December 11, 2025",A Masterworked item can be refined one more time to upgrade an affix to a Greater Affix.,0,0,0,0,0,0,1,0,False,OTHER,OTHER
2.5.0,69713,"December 11, 2025","Players may re-roll the Masterworked Greater Affix by spending Neathiron, a returning resource to once again discover in Sanctuary.",1,0,0,0,0,0,0,1,False,OTHER,OTHER
2.5.0,69713,"December 11, 2025",Potion charges will refill once every 30,0,0,0,0,0,0,1,0,False,OTHER,OTHER
2.5.0,69713,"December 11, 2025",Potion Count affix can now be found on leg armor.,0,0,0,0,1,0,0,1,False,OTHER,OTHER
2.5.0,69713,"December 11, 2025","""Lesser"" Life Regen available on Chest, Helm, Legs, Boots, and Shield.",0,1,0,0,0,0,0,1,False,OTHER,OTHER
2.5.0,69713,"December 11, 2025","""Greater"" Life Regen available on Amulet, Rings, and Gloves.",0,0,0,0,0,0,1,0,False,OTHER,OTHER
2.5.0,69713,"December 11, 2025","""Lesser"" available on Chest, Helm, Legs, Boots, and Shields.",0,1,0,0,0,0,0,1,False,OTHER,OTHER
2.5.0,69713,"December 11, 2025","""Greater"" available on Amulet, Rings, Gloves, and Weapons.",0,0,0,0,0,0,1,0,False,OTHER,OTHER
2.5.0,69713,"December 11, 2025","Re-added to the base affix pool, available on Glove, Weapons, Shields, Amulets, and Rings.",0,0,0,1,0,0,0,1,False,OTHER,OTHER
2.5.0,69713,"December 11, 2025","Available on Chest, Helm, Legs, Boots, Amulet, Rings, and Shields.",0,0,0,0,0,0,1,0,False,OTHER,OTHER
2.5.0,69713,"December 11, 2025","Added a moderate amount of gold, scaling with higher tiers within the Strongroom.",0,0,0,1,0,1,0,2,False,OTHER,OTHER
2.5.0,69713,"December 11, 2025",Walls now block player projectiles.,0,0,0,0,0,0,1,0,False,OTHER,OTHER
2.5.0,69713,"December 11, 2025",Damage now ramps up the longer you stand in the puddle.,0,0,0,0,0,0,1,0,False,OTHER,OTHER
2.5.0,69713,"December 11, 2025",Suppressor field is now immediately active when the monster spawns.,0,0,0,0,0,1,0,1,False,OTHER,OTHER
2.5.0,69713,"December 11, 2025",The suppressor field now lasts until the monster is killed.,1,0,0,0,0,0,0,1,False,OTHER,OTHER
2.5.0,69713,"December 11, 2025",Instances of single element resistance affixes can now roll higher values than instances of All Resistance affixes.,0,0,0,0,1,0,0,1,False,OTHER,OTHER
2.5.0,69713,"December 11, 2025",A Jeweler and an Occultist have been added to the training grounds.,0,0,0,1,0,0,0,1,False,OTHER,OTHER
2.5.0,69713,"December 11, 2025",The Pit can now be entered before Level 60. The base pit tier unlocked is now Tier 10.,0,0,0,1,1,0,0,2,False,OTHER,OTHER
2.5.0,69713,"December 11, 2025",The following elixirs and incenses have been updated:,0,0,0,0,0,0,1,0,False,OTHER,OTHER
2.5.0,69713,"December 11, 2025",Elixir of Iron Barbs I,0,0,0,0,0,0,1,0,False,OTHER,OTHER
2.5.0,69713,"December 11, 2025",Elixir of Iron Barbs II,0,0,0,0,0,0,1,0,False,OTHER,OTHER
2.5.0,69713,"December 11, 2025",Song of the Mountain Incense,0,0,0,0,0,0,1,0,False,OTHER,OTHER
2.5.0,69713,"December 11, 2025",Updated from 300 flat armor to +10% armor.,0,0,0,0,0,0,1,0,False,OTHER,OTHER
2.5.0,69713,"December 11, 2025",Characters that skip either campaign now unlock all non-stronghold waypoints for their respective region.,0,0,0,0,1,0,0,1,False,OTHER,OTHER
2.5.0,69713,"December 11, 2025",All skill slots are now unlocked from level 1.,0,0,0,1,0,0,0,1,False,OTHER,OTHER
2.5.0,69713,"December 11, 2025","Progression down the Skill tree is now faster, Core Skills get unlocked after spending one skill point and then the next skill group is unlocked after spending two skill points.",0,0,0,1,0,0,0,1,False,OTHER,OTHER
2.5.0,69713,"December 11, 2025",Monsters now scale attack speed as difficulty goes up in addition to movement speed.,0,0,0,0,0,1,0,1,False,OTHER,OTHER
2.5.0,69713,"December 11, 2025",Tempering affixes now have greater variance now that you aren't limited to how many times you can re-temper.,0,0,0,0,0,0,1,0,False,OTHER,OTHER
2.5.0,69713,"December 11, 2025",Resistance and Armor values from affixes have been broadly adjusted to account for the introduction of Toughness.,0,0,0,0,0,0,1,0,False,OTHER,OTHER
2.5.0,69713,"December 11, 2025","For more details on Season Rank, please read the section detailing it in the Season of Divine Intervention overview blog",0,0,0,0,0,0,1,0,False,OTHER,OTHER
2.5.0,69713,"December 11, 2025","The Season Journey is now shifting into a more challenging version stocked with even greater rewards, Season Rank. Each Rank now requires you to complete a Capstone Dungeon before progressing to the next Rank. Similar to Capstone Dungeons, these can be attempted before the recommended level and difficulty.",0,0,0,0,1,1,0,2,False,OTHER,OTHER
2.5.0,69713,"December 11, 2025","For more details, you can read more in the Season of Divine Intervention overview blog",0,0,0,0,0,0,1,0,False,OTHER,OTHER
2.5.0,69713,"December 11, 2025","Various performance, stability, UI, visual, and audio improvements.",1,0,0,0,1,0,0,2,False,OTHER,OTHER
